Personas|Familia y parentesco|family,mother,father,parent,son,daughter,brother,sister,child,baby,aunt,uncle,niece,nephew,cousin,grandfather,grandmother,grandparent,husband,wife,marriage,married,marry,divorce,divorced,wedding,twin,relative,relation,relationship,partner,couple,boyfriend,girlfriend,dad,mom,mum,grandchild,granddaughter,grandson,kid,adopt,single
Personas|Etapas de la vida|person,people,man,woman,boy,girl,adult,youth,young,elderly,old,age,aged,birth,birthday,born,grow up,life,living,alive,dead,death,die,dying,funeral,bury,grave,retire,retired,retirement,live,pass away,survive,generation,live on,live through
Personas|Identidad y comunidad|human,individual,citizen,name,surname,identity,identify,male,female,sex,sexual,sir,Mr,Mrs,Ms,lady,gentleman,neighbour,neighbourhood,community,population,local,locally,stranger,guy,fellow,mate,member,membership,resident,personal,personally,junior,senior,crowd,crowded,group,role,status,sexually
Personas|Amistad y convivencia|friend,friendship,friendly,unfriendly,accompany,guest,host,visitor,visit,invite,invitation,welcome,meet,meeting,meet up,meet with,join,join in,belong,belong to,together,live together,alone,lonely,treat,help,help out,aid,assist,assistance,support,supporter,share,get on with,go out with,hang around with,hang about with,encounter,introduce,introduction,favour,forgive,gift,identify with,kiss,trust,behalf,jointly
Personas|Conducta y valores|behave,behaviour,attitude,character,personality,kind,kindly,unkind,polite,politely,rude,rudely,honest,honestly,dishonest,dishonestly,loyal,faithful,faithfully,fair,unfair,unfairly,moral,morally,immoral,respect,shy,brave,courage,generous,generously,patient,patience,impatient,confident,confidence,confidently,ambition,proud,proudly,pride,sensible,sensitive,cruel,strict,strictly,responsible,responsibility,careful,carefully,careless,carelessly,lazy,calm,calmly,calm down,bad-tempered,conduct,discipline,kindness,honour,sincere,sincerely,reputation,manner,formal,formally,informal,awkward,awkwardly,obey,just
Cuerpo y salud|Partes del cuerpo|body,head,face,hair,eye,ear,nose,mouth,tooth,tongue,lip,chin,cheek,neck,throat,shoulder,arm,elbow,wrist,hand,finger,thumb,nail,chest,breast,back,stomach,waist,leg,knee,ankle,foot,toe,skin,bone,muscle,blood,heart,brain,lung,nerve,organ,flesh,heel,hip,joint,fat,naked
Cuerpo y salud|Sentidos y descanso|see,sight,look,look at,hear,hearing,listen,sound,smell,taste,touch,feel,feeling,sense,blind,deaf,breath,breathe,breathe in,breathe out,breathing,cough,coughing,yawn,sleep,asleep,awake,wake,dream,rest,relax,relaxed,relaxing,tired,tiring,tire out,sweat,swallow,stare,curl up,get up,noise,noisily,noisy,visible,vision
Cuerpo y salud|Enfermedades y síntomas|health,healthy,ill,illness,sick,disease,infection,infect,infectious,fever,flu,cancer,virus,pain,painful,sore,hurt,injure,injured,injury,wound,wounded,swelling,swell,swollen,faint,unconscious,disabled,physical,physically,mental,mentally,depress,depressed,depressing,suffering,suffer,headache,infected,harm,harmful,harmless,poison,poisonous,cigarette,strain
Cuerpo y salud|Cuidados y medicina|doctor,nurse,hospital,medical,medicine,drug,drugstore,chemist,dentist,treatment,cure,recover,pull through,bandage,pill,tablet,pregnant,emergency,ambulance,rescue,diet,exercise,heal,drunk
Hogar|Habitaciones y vivienda|house,home,household,housing,apartment,flat,cottage,building,room,bedroom,bathroom,kitchen,hall,entrance,door,window,wall,floor,ceiling,roof,stair,upstairs,downstairs,garage,garden,yard,gate,fence,indoor,indoors,rent,rented,move in,move out,domestic,estate,shelter,passage
Hogar|Muebles y objetos domésticos|furniture,table,chair,bed,sheet,carpet,curtain,mirror,shelf,cupboard,closet,cabinet,drawer,lamp,clock,alarm,bin,towel,soap,shower,bath,toilet,tap,faucet,sink,plug,plug in,switch,switch off,heating,stove,oven,cooker,refrigerator,fridge,bell,brush,decorate,decoration,decorative
Hogar|Limpieza y mantenimiento|clean,clean up,dirty,dirt,dust,mess,tidy,untidy,neat,neatly,clear out,wash,washing,wash up,wash out,wash off,wash away,dry,dry off,dry up,sweep,polish,repair,fix,fixed,broken,damage,rubbish,waste,lock,lock up,key,shut,shut in,shut out,dump,garbage,spray
Alimentación|Frutas y verduras|fruit,apple,orange,lemon,vegetable,potato,tomato,onion,carrot,pepper,salad,nut,seed,grain,crop
Alimentación|Alimentos y bebidas|food,meal,bread,butter,cheese,milk,egg,meat,beef,chicken,fish,rice,flour,sugar,salt,oil,cream,soup,sauce,water,juice,tea,coffee,beer,wine,alcohol,alcoholic,drink,chocolate,candy,sweet,biscuit,cookie,cake,chip,ice cream,jam,jelly,grocery
Alimentación|Preparar y cocinar|cook,cooking,ingredient,bake,boil,fry,melt,freeze,frozen,chop,chop off,cut,cut up,slice,stir,mix,mixed,mixture,pour,squeeze,spread,serve,heat up,burn,burnt,raw,fresh,freshly,spice,spicy,salty,sour,bitter,crisp,flavour
Alimentación|Comer fuera y en casa|breakfast,lunch,dinner,restaurant,bar,pub,menu,waiter,order,bill,tip,plate,dish,bowl,cup,glass,fork,knife,spoon,pan,pot,bottle,eat,eat out,eat up,chew,hungry,thirsty,feed
Ropa y estilo|Prendas y accesorios|clothes,clothing,cloth,shirt,trousers,pants,jeans,skirt,dress,suit,jacket,coat,sweater,underwear,sock,shoe,boot,hat,cap,tie,belt,pocket,button,sleeve,watch,ring,jewellery,umbrella,bag,wallet,glove,uniform
Ropa y estilo|Vestirse y apariencia|wear,wear out,wear off,wear away,put on,take off,try on,dress up,dressed,fashion,fashionable,style,smart,appearance,make-up,beauty,beautiful,beautifully,pretty,ugly,attractive,shave,beard,blonde,curly,sew,sewing,knitted,knitting,cotton,wool,silk,leather,curl,do up,elegant,have on,matching,go with,old-fashioned,knit
Naturaleza|Animales y sus características|animal,dog,cat,horse,cow,pig,sheep,bird,insect,fly,spider,snake,bear,mouse,pet,wild,tail,wing,beak,feather,fur,horn,nest,breed,hunt,hunting,seal,shell
Naturaleza|Paisajes y geografía|nature,natural,naturally,land,landscape,countryside,field,forest,wood,tree,leaf,branch,root,flower,plant,grass,bush,rock,stone,soil,sand,mud,mountain,hill,valley,desert,beach,coast,island,river,stream,lake,sea,ocean,wave,bay,earth,continent,environment,environmental,surroundings,outdoor,outdoors,geography,ground,sky,peak,world,farm,farming,dig,chop down,pollution,die out
Naturaleza|Clima y estaciones|weather,climate,sun,rain,snow,ice,wind,storm,cloud,temperature,hot,cold,warm,warmth,cool,cool down,wet,damp,flood,flooded,flooding,season,spring,summer,autumn,winter,mild,tropical,forecast
Viajes|Vehículos y carretera|car,vehicle,truck,lorry,van,bus,coach,taxi,bicycle,bike,motorbike,motorcycle,train,underground,railway,railroad,rail,road,street,traffic,drive,driving,driver,ride,rider,riding,passenger,journey,route,wheel,tyre,tire,engine,motor,petrol,fuel,park,seat,accident,crash,speed,steer,gasoline,highway,lane,drive-off,transport,transportation,reverse,track,barrier
Viajes|Vuelos y navegación|plane,aircraft,airport,flight,flying,pilot,ship,boat,sail,sailing,sailor,port,abroad,departure,arrival,arrive,arrive at,leave
Viajes|Preparar un viaje|travel,traveller,tour,tourist,trip,vacation,holiday,passport,ticket,luggage,baggage,suitcase,pack,pack up,hotel,accommodation,reservation,reserve,check in,check into,check out,reception,guide,map,adventure,explore,foreign,camp,camping,tent,resort,venture,licence,license
Ciudad|Edificios y servicios|city,town,village,capital,urban,rural,district,region,regional,area,site,place,location,locate,located,centre,square,bridge,tunnel,path,corner,station,stop,church,castle,palace,museum,library,school,university,college,post office,bank,store,shop,shopping,mall,market,supermarket,facility,premises,public,address,chamber,county,elevator,tower,zone,service
Trabajo|Profesiones y empleo|work,working,worker,job,career,profession,professional,employ,employee,employer,employment,unemployed,the unemployed,unemployment,hire,staff,colleague,boss,manager,assistant,secretary,clerk,officer,engineer,farmer,painter,lawyer,attorney,scientist,journalist,photographer,author,writer,editor,actor,actress,artist,musician,singer,dancer,entertainer,performer,producer,politician,priest,soldier,servant,hairdresser,labour,specialist,professor,master,dismiss
Trabajo|Empresas y organización|business,businessman,company,firm,industry,industrial,manufacture,manufacturer,manufacturing,factory,production,product,produce,management,manage,organize,organization,organized,department,office,agency,agent,board,chairman,chairwoman,chief,executive,director,lead,leader,leading,team,committee,conference,session,appointment,arrange,arrangement,task,duty,shift,schedule,project,contract,partnership,union,strike,appoint,application,apply,entry,institute,institution,commission,sector,rank,control,controlled,dominate,impose,command,engineering,busy,output,resource,procedure,process,system,strategy,take on,take over,priority,follow up
Trabajo|Objetivos y resultados|goal,aim,target,objective,achieve,achievement,success,succeed,successful,successfully,unsuccessful,fail,failure,progress,advance,advanced,improve,improvement,develop,development,training,skill,skilled,skilful,skilfully,ability,capable,able,unable,efficient,efficiently,effective,effectively,performance,perform,quality,standard,qualification,qualified,qualify,promotion,promote,award,reward,prize,effort,attempt,attempted,try,try out,experience,experienced,expert,inability,practice,practise,available,active,actively,activity,action,deserve,prospect,stand out
Dinero|Comprar y vender|buy,buyer,sell,sale,sell off,sell out,purchase,customer,client,consumer,price,cost,cheap,cheaply,expensive,discount,bargain,afford,value,valuable,worth,pay,payment,pay back,pay out,pay up,receipt,charge,free,fee,trade,trading,commercial,deal,deal in,offer,advert,ad,advertisement,advertise,advertising,marketing,brand,supply,demand,stock,counter,goods,guarantee,publicity,hire out
Dinero|Finanzas y economía|money,cash,coin,dollar,euro,pound,penny,cent,credit,credit card,cheque,account,balance,loan,lend,borrow,debt,owe,interest,invest,investment,profit,loss,income,salary,wage,earn,saving,save,budget,expense,spend,financial,economy,economic,tax,pension,insurance,wealth,rich,poor,fund,grant,charity,bid,bet,betting,gamble,gambling,finance,deposit,fortune,export,import,withdraw
Educación|Aula y estudios|student,pupil,teacher,teaching,teach,education,educate,educated,academic,lesson,class,classroom,course,subject,study,learn,homework,exam,examination,test,mark,grade,degree,certificate,lecture,pen,pencil,paper,page,desk,book,read,reader,reading,read out,read over,write,writing,written,essay,diary,draft,note,note down,list,index,ink,outline,summary,review,revise,revision,go over,cross out,instruction
Educación|Idiomas y palabras|language,vocabulary,word,phrase,sentence,grammar,alphabet,alphabetical,alphabetically,letter,pronounce,pronunciation,accent,translate,translation,dictionary,meaning,mean,define,definition,interpret,expression,express,spell,spelling,interpretation,spoken,term,theme,topic,symbol,stand for
Comunicación|Conversaciones y mensajes|communicate,communication,speak,speaker,speech,speak out,speak up,talk,say,tell,tell off,ask,answer,question,reply,response,respond,call,called,call back,call up,ring back,phone,telephone,cell phone,mobile phone,message,text,email,mail,post,contact,conversation,discuss,discussion,argue,argument,debate,chat,mention,remark,comment,announce,inform,information,news,report,interview,explain,explanation,describe,description,detail,detailed,hear from,hear of,rumour,write back,write down,highlight,indication,enquiry,consult,swear,swearing,insult,insulting,interruption,openly,publicly,signature,stamp
Comunicación|Opiniones y acuerdos|opinion,view,point,agree,agreement,disagree,disagreement,disagree with doing,approve,approval,approving,disapprove,disapproval,disapproving,accept,acceptable,unacceptable,refuse,refusal,reject,deny,admit,acknowledge,own up,claim,state,statement,declare,promise,assure,suggest,suggestion,propose,proposal,recommend,advise,advice,warn,warning,persuade,convince,insist,insist on,insist on doing,urge,request,apologize,excuse,thank,thanks,thank you,congratulate,congratulation,complain,complaint,praise,criticize,criticism,blame,accuse,protest,threat,threaten,threatening,confirm,all right,imply,implication,clear up,oppose,opposed,opposing,let,let off
Comunicación|Voz y expresión|voice,aloud,loud,loudly,quiet,quietly,silent,silence,whisper,shout,scream,cry,cry out,burst out,burst into,laugh,laugh at,smile,whistle,sing,singing,tone,stress,emphasis,emphasize,repeat,repeated,repeatedly,quote,refer,refer to,reference,point out,indicate,signal,sign,interrupt,clap,die away,go off
Ocio y cultura|Arte y espectáculos|art,artistic,artistically,draw,drawing,paint,painting,picture,image,photo,photograph,photography,statue,exhibit,exhibition,design,music,musical,song,tune,rhythm,band,concert,instrument,piano,drum,dance,dancing,festival,theatre,cinema,movie,movie theater,film,screen,scene,stage,cast,act,comedy,drama,dramatic,dramatically,audience,entertain,entertaining,entertainment,amuse,amused,amusing,fun,enjoy,enjoyable,enjoyment,pleasure,craft,classic,studio,illustrate,pose
Ocio y cultura|Libros y medios|story,novel,poem,poetry,literature,plot,chapter,title,content,article,magazine,newspaper,press,publish,publishing,publication,edition,media,broadcast,radio,television,TV,program,programme,series,channel,pop,fame,famous,popular,well known,fan,event
Ocio y cultura|Deportes y juegos|sport,game,play,player,play about,play with,toy,football,swim,swimming,swimming pool,run,running,runner,race,racing,cycle,cycling,climb,climbing,ball,net,match,club,competition,compete,competitive,opponent,rival,win,winning,winner,lose,defeat,victory,score,round,final,challenge,captain,contest,fishing,hobby,hang about,hang around,league,pitch,pool,take up,work out,warm up,cheat
Tiempo|Reloj y calendario|time,second,minute,hour,day,week,weekend,month,year,decade,century,date,timetable,moment,period,Monday,Tuesday,Wednesday,Thursday,Friday,Saturday,Sunday,January,February,March,April,May,June,July,August,September,October,November,December,morning,afternoon,evening,night,midday,midnight,a.m.,p.m.,o’clock,today,tomorrow,yesterday,tonight,anniversary,annual,annually,daily,weekly,interval
Tiempo|Secuencia y duración|before,after,afterwards,then,next,previous,previously,prior,former,formerly,latter,last,recent,recently,new,newly,ancient,modern,now,currently,current,present,past,future,ago,already,yet,still,soon,early,late,immediately,immediate,shortly,eventually,finally,temporary,temporarily,permanent,permanently,brief,briefly,long,short,length,during,throughout,until,till,since,meanwhile,delay,put off,wait,pace,rapid,rapidly,quick,quickly,slow,slowly,fast,sudden,suddenly,gradual,date back,forever,gradually,go by,hurry,hurry up,later,latest,initial,initially,passing,pause,prompt,promptly,rush,phase,ultimate,ultimately,increasingly
Tiempo|Frecuencia y hábitos|always,usually,usual,unusual,unusually,often,frequent,frequently,sometimes,occasion,occasionally,rare,rarely,never,ever,again,regular,regularly,routine,habit,constant,constantly,continuous,continuously,once,twice,used to,tend,tendency,trend
Números|Cantidades y ordinales|zero,one,two,three,four,five,six,seven,eight,nine,ten,eleven,twelve,thirteen,fourteen,fifteen,sixteen,seventeen,eighteen,nineteen,twenty,thirty,forty,fifty,sixty,seventy,eighty,ninety,hundred,thousand,million,billion,first,third,fourth,fifth,sixth,seventh,eighth,ninth,tenth,eleventh,twelfth,thirteenth,fourteenth,fifteenth,eighteenth,nineteenth,twentieth,thirtieth,fortieth,fiftieth,sixtieth,seventieth,eightieth,ninetieth,hundredth,thousandth,millionth
Números|Medir y calcular|number,amount,quantity,count,calculate,calculation,mathematics,add,addition,add up,add up to,multiply,divide,division,sum,sum up,total,totally,average,half,quarter,per cent,proportion,rate,scale,measure,measurement,metre,centimetre,millimetre,mile,inch,gram,milligram,ton,tonne,litre,pint,weight,weigh,height,width,depth,volume,capacity,plus,dozen,figure,odd,even,amount to,come to,double,formula,gallon,kilogram,kilometre,mass,chart,diagram,unit,range,ruler
Números|Cuánto y cuántos|many,much,more,most,less,least,few,little,several,some,any,all,both,each,every,none,no,neither,either,another,other,enough,plenty,lot,bit,a couple,maximum,minimum,majority,minority,whole,entire,entirely,part,partly,full,empty,extra,additional,add on,sufficient,sufficiently,limited,limit,limit to,spare,remaining,remains,almost,altogether,be left over,fully,hardly,lack,lacking,largely,mere,merely,mostly,nearly,only,somewhat,overall,section
Espacio|Orientación y ubicación|space,position,direction,north,northern,south,southern,east,eastern,west,western,right,left,up,down,upward,upwards,downward,downwards,side,sideways,front,rear,backward,backwards,forward,ahead,behind,above,below,under,underneath,over,beneath,between,among,beside,next to,near,nearby,far,farther,farthest,further,distance,remote,close,closely,away,around,along,alongside,across,through,into,out,outside,inside,inner,outer,interior,internal,upper,top,bottom,middle,central,edge,border,surface,background,horizontal,vertical,parallel,opposite,beyond,within,underwater,apart,aside,direct,directly,elsewhere,high,low,indirect,indirectly,upside down,surround,surrounding,stay,stay away,stay out of
Espacio|Formas y tamaños|shape,shaped,form,size,big,small,large,tiny,huge,enormous,vast,massive,tall,wide,narrow,broad,broadly,thick,thickly,thickness,thin,deep,deeply,shallow,rounded,circle,triangle,angle,curve,curved,bend,bent,straight,steep,steeply,slope,level,line,row,column,pointed,spot,hole,gap,hollow,solid,frame,pattern,stripe,striped,strip,structure,dot,extensive,extent,giant,grand,layer,medium,panel,platform,widely
Emociones|Alegría y afecto|happy,happiness,glad,pleased,pleasing,delight,delighted,cheerful,cheerfully,love,lovely,lover,like,affection,care,care for,dear,romantic,excite,excited,exciting,excitement,enthusiasm,enthusiastic,enthusiastically,hope,look forward to,admire,admiration,appreciate,satisfied,satisfy,satisfying,satisfaction,attract,attraction,encourage,encouragement,grateful,happily,joy,lively,keen,favourite,mood,emotion,emotional,emotionally,pleasant,pleasantly
Emociones|Miedo y preocupación|afraid,fear,frighten,frightened,frightening,frighten away/off,scare,scared,scare off,anxiety,anxious,anxiously,worry,worried,worrying,nervous,nervously,stressed,tension,concern,concerned,concerning,alarmed,alarming,shock,shocked,shocking,horror,terrible,terribly,awful,awfully
Emociones|Tristeza y frustración|sad,sadly,sadness,unhappy,unfortunate,unfortunately,desperate,desperately,disappoint,disappointed,disappointing,disappointment,regret,sorry,upset,upsetting,anger,angry,angrily,annoy,annoyed,annoying,irritate,irritated,irritating,disgust,disgusted,disgusting,hate,hatred,dislike,spite,ashamed,shame,embarrass,embarrassed,embarrassing,embarrassment,miss,missing,let down,sympathy,sympathetic,pity,comfort,comfortable,comfortably,uncomfortable,relief,bitterly,bother,coldly,disturb,disturbing,jealous,mad,crazy,dull,unpleasant
Emociones|Interés y sorpresa|interested,interesting,bore,bored,boring,curious,curiously,surprise,surprised,surprising,surprisingly,amaze,amazed,amazing,unexpected,unexpectedly,the unexpected,mystery,mysterious,wonder,wonderful,impress,impressed,impression,impressive,humour,humorous,joke,funny,serious,seriously,luck,lucky,unlucky
Cualidades|Color y textura|colour,coloured,black,white,red,green,blue,yellow,brown,pink,purple,grey,gold,silver,pale,dark,light,bright,brightly,shiny,shine,transparent,clear,rough,roughly,smooth,smoothly,soft,softly,hard,firmly,stiff,stiffly,sticky,sharp,sharply,pure,purely,plain,blank,cracked,crack,loose,loosely,tight,tightly,tough,delicate,shade,shadow,gentle,gently,flash
Cualidades|Valorar y comparar|good,bad,better,best,worse,worst,well,badly,nice,nicely,fine,finely,excellent,brilliant,perfect,perfectly,great,greatly,superior,positive,negative,advantage,disadvantage,benefit,useful,useless,practical,practically,suitable,suited,appropriate,adequate,convenient,proper,properly,correct,correctly,wrong,wrongly,accurate,accurately,precise,precisely,exact,exactly,approximate,approximately,normal,normally,strange,strangely,oddly,typical,typically,special,specially,specific,specifically,particular,particularly,general,generally,common,commonly,ordinary,extraordinary,unique,similar,similarly,same,different,differently,difference,compare,comparison,contrast,contrasting,unlike,equal,equally,equivalent,varied,variety,various,vary,variation,adequately,artificial,artificially,fault,helpful,ideal,reasonable,reasonably,relatively,ridiculous,rightly,realistic,striking,stable,steady,steadily,unsteady,valid,unreasonable,genuine,genuinely
Cualidades|Intensidad y relevancia|important,importantly,importance,unimportant,significant,significantly,major,minor,main,mainly,primary,primarily,essential,essentially,fundamental,basic,basically,vital,crucial,critical,necessary,necessarily,unnecessary,urgent,strong,strongly,strength,weak,weakness,power,powerful,severe,severely,extreme,extremely,absolute,absolutely,complete,completely,thorough,thoroughly,substantial,substantially,considerable,considerably,slight,slightly,faintly,lightly,heavy,heavily,very,quite,rather,fairly,too,so,such,remarkable,remarkably,outstanding,noticeable,relevant,especially,gravely,highly,secondary,virtually,wildly
Sociedad|Gobierno y ciudadanía|society,social,socially,nation,national,country,government,governor,politics,political,politically,policy,parliament,congress,senate,senator,minister,ministry,prime minister,president,mayor,council,election,elect,vote,campaign,party,opposition,conservative,royal,king,queen,prince,princess,lord,empire,federal,official,officially,authority,private,privately,independent,independently,independence,revolution,reform,regulation,candidate,civil,crown,flag,global,govern,international,freely
Sociedad|Leyes y justicia|law,legal,illegal,illegally,rule,court,judge,judgement,trial,crime,criminal,police,prison,prisoner,arrest,guilty,innocent,punish,punishment,murder,rob,steal,thief,offence,offense,offend,offensive,victim,witness,evidence,proof,prove,defence,defend,appeal,freedom,permit,permission,allow,allow for,ban,restrict,restricted,restriction,cheat of,entitle,get away with,justice,legally,suspect,suspicion,suspicious,confine,confined
Sociedad|Conflictos y seguridad|war,peace,peaceful,army,military,navy,battle,fight,fighting,attack,weapon,gun,bomb,bullet,shoot,shoot down,shooting,shot,explode,explosion,blow up,violence,violent,violently,abuse,aggressive,conflict,enemy,ally,allied,occupy,occupied,force,capture,release,escape,security,secure,safe,safely,safety,danger,dangerous,risk,protect,protection,guard,disaster,armed,arms,chase,chase away,crisis,curb,hero,kill,killing,seal off,trap,stand up for,watch out,watch out for,uncontrolled
Sociedad|Creencias y tradiciones|culture,cultural,tradition,traditional,traditionally,custom,customs,ceremony,celebrate,celebration,religion,religious,belief,believe,believe in,faith,spiritual,spirit,soul,holy,heaven,hell,pray,prayer,worship,evil,magic,history,historical,contemporary,conventional,convention,god,philosophy
Ciencia y tecnología|Investigación y descubrimientos|science,scientific,research,experiment,theory,analyse,analysis,data,survey,observe,observation,discover,discovery,method,technique,technical,technology,examine,sample,result,conclusion,conclude,demonstrate,lab,laboratory,invent,invention,investigate,investigation,model,reproduce
Ciencia y tecnología|Materia y energía|physics,chemistry,chemical,biology,atom,cell,bacteria,acid,gas,liquid,substance,element,metal,iron,steel,mineral,coal,plastic,rubber,wooden,concrete,brick,energy,electric,electrical,electricity,electronic,nuclear,heat,fire,flame,smoke,smoking,air,atmosphere,pressure,moon,star,planet,universe,absorb,bubble,decay,steam,diamond
Ciencia y tecnología|Informática y dispositivos|computer,keyboard,monitor,printer,print,printing,print off,photocopy,software,website,web,Internet,online,digital,network,connection,connect,connected,access,file,document,code,install,back up,copy,disk,disc,CD,DVD,video,camera,record,recording,mobile,device,equipment,machine,machinery,tool,cable,wire,battery,click,function,function as,operate,operation,automatic,automatically,turn on,turn off,shut down,register,user,version
Acciones|Moverse y desplazarse|go,come,move,moving,movement,motion,walk,walking,jump,step,run after,run away,run out,run over,run through,walk out,walk up,approach,enter,exit,return,reach,follow,following,cross,pass,pass by,pass through,fall,rise,raise,lift,drop,slide,slip,roll,spin,turn,turn round,turn back,turn into,turn over,turn to,turn up,turn down,turn out,lean,stretch,stand,stand up,stand back,sit,sit down,lie,lie down,lie around,swing,shake,flow,float,march,get away,go away,get back,go back,go back to,get in,get into,get out of,get off,get on,go into,go out,go round,go through,go to,go up,go down,come in,come out,come down,come round,come up,come up to,move over,drive away,pull in,pull out,pull over,pull up,speed up,start off,start out,set off,set out,get round,mount,pursue,wander,go ahead
Acciones|Sujetar y manipular|take,hold,hold on,hold on to,hold back,hold out,hold up,keep,keep out,keep out of,keep up,keep up with,catch,catch up,handle,carry,carry on,carry out,bring,bring back,bring down,bring forward,bring out,bring up,fetch,pick,pick up,put,put away,put back,put down,put forward,put in,put out,put together,put up,put through,set,lay,hang,hang on,hang on to,hang up,throw,throw away,throw out,push,push about,push forward,pull,pull apart,pull down,pull off,pull together,drag,hit,beat,beat up,kick,punch,knock,knock down,knock out,rub,scratch,stroke,tear,tear up,bite,sting,suck,blow,blow out,pin,stick,stick to,stick up,stick out,tie up,fasten,attach,attached,wrap,wrapping,fold,folding,open,open up,shut up,grab,insert,tip over,twist,twisted,closed,fit,fit in,knot,unload,cut off,cut out,come off
Acciones|Crear y transformar|make,do,build,construct,construction,create,creature,grow,expand,extend,extension,increase,decrease,reduce,reduction,cut back,cut down,change,change round,alter,transform,convert,become,adapt,adjust,replace,restore,break,break down,break in,break into,break off,break out,break up,destroy,destruction,ruin,ruined,spoil,collapse,crush,smash,burst,burn down,split,split up,separate,separated,separately,separation,combine,combination,unite,united,dissolve,resolve,settle,settle down,fill,fill in,fill out,fill up,cover,covered,covering,cover up,spread out,pile,pile up,collect,collection,build up,arise,decline,gather,generate,growth,make into,make up,make up for,match up,opening,substitute,undo
Acciones|Dar, recibir y conservar|give,give away,give back,give in,give off,give out,give up,receive,get,obtain,acquire,gain,lost,find,found,search,seek,look out for,look into,look through,look round,look up,look after,look down on,look up to,look on,look on with,look out,find out,provide,provided,providing,deliver,delivery,send,send for,send off,hand back,hand down,hand in,hand out,hand over,hand round,pass on,pass out,pass round,transfer,exchange,distribute,distribution,contribute,contribution,retain,remain,preserve,maintain,own,owner,possess,possession,include,including,exclude,excluding,contain,container,remove,removal,disappear,appear,emerge,expose,reveal,hide,show,show off,show round,show up,display,presentation,represent,representative,absence,absent,presence,come across,have back,leave out,rid,take away,take back,take down,take in,secret,secretly,deserted
Ideas y decisiones|Pensar y recordar|think,thinking,thought,think about,think of,think of as,think over,think up,know,knowledge,unknown,understand,understanding,recognize,recognition,realize,aware,conscious,notice,consider,consideration,reflect,remember,remind,remind of,memory,recall,forget,imagine,imaginary,idea,concept,logic,logical,intelligence,intelligent,clever,wise,stupid,silly,concentrate,concentrate on,concentration,attention,confuse,confused,confusing,confusion,ignore,distinguish,familiar,figure out,focus,imagination,mind,mistake,mistake for,mistaken,mix up,nonsense,occur to,regard,error,check,check on,check over,check up on
Ideas y decisiones|Elegir y planear|choose,choice,select,selection,decide,decide on,decision,determine,determination,determined,plan,planning,prepare,preparation,prepared,intend,intended,purpose,anticipate,expect,expected,expectation,predict,estimate,assume,suppose,presumably,reckon,reckon on,guess,wish,want,desire,prefer,preference,fancy,willing,willingly,willingness,unwilling,unwillingly,ready,option,alternative,alternatively,opportunity,chance,potential,potentially,possible,possibly,possibility,probable,probably,likely,unlikely,certain,certainly,uncertain,doubt,sure,surely,inevitable,inevitably,deliberate,deliberately,definite,definitely,hesitate,impossible,intention,scheme,rule out,stand by
Ideas y decisiones|Causas y relaciones|reason,cause,effect,affect,influence,consequence,result in,therefore,thus,hence,because,because of,due,depend,depend on,rely,rely on,relate,related,relate to,association,associate,associated,link,account for,derive,derive from,come from,origin,original,originally,source,basis,base,based,base on,foundation,principle,factor,aspect,feature,characteristic,property,condition,circumstance,situation,context,case,instance,example,e.g.,fact,truth,true,truly,false,real,really,actual,actually,reality,pretend,apparent,apparently,obvious,obviously,clearly,justify,justified,exaggerate,exaggerated,accidental,accidentally,affair,category,consist,consist of,core,criterion,do with,exception,exist,existence,happen,happen to,impact,incident,issue,matter,means,occur,react,reaction,seem,sort,type,way,trace
Ideas y decisiones|Resolver y perseverar|problem,difficulty,difficult,easy,easily,ease,complex,complicate,complicated,simple,simply,solution,solve,deal with,cope,struggle,face up to,confront,overcome,get over,get through,go through with,put up with,resist,resistance,continue,go on,go on doing,proceed,quit,cease,finish,finished,finish off,end,ending,end in,end up,start,begin,beginning,start up,set up,establish,launch,initiative,engage,engaged,involve,involved,involvement,attend,attend to,commit,commitment,devote,devoted,devote to,abandon,abandoned,drop out,cancel,call off,avoid,prevent,ensure,enable,require,requirement,need,bound,call for,count on,dare,do without,get by,get round to,go without,miss out,resort to,see about,see to,sort out,tackle,trouble,use,use up
Gramática|Pronombres y determinantes|I,you,he,she,it,we,they,me,him,her,us,them,my,your,his,its,our,their,mine,yours,hers,ours,theirs,myself,yourself,himself,herself,itself,ourselves,themselves,self,self-,this,that,a,the,somebody,someone,something,somewhere,anybody,anyone,anything,anywhere,everybody,everyone,everything,everywhere,nobody,no one,nothing,nowhere,who,whom,whose,what,which,whatever,whoever,each other,one another,else
Gramática|Conectores y preposiciones|and,or,but,nor,although,though,however,nevertheless,while,whereas,despite,unless,if,whether,when,whenever,where,wherever,why,how,as,than,about,of,to,for,from,in,on,at,by,with,without,onto,upon,per,via,against,off,towards,except,apart from,aside from,instead,instead of,according to,regarding,also,moreover,otherwise,anyway,i.e.,etc.
Gramática|Auxiliares y expresiones básicas|be,have,can,cannot,could,may,might,must,shall,should,will,would,ought to,have to,used,hello,hi,goodbye,bye,please,yes,yeah,OK,oh,perhaps,maybe,not,non-,anti-,ex-,mid-,re-,there,here,come on,indeed,somehow
Objetos|Herramientas y materiales|object,thing,stuff,item,piece,hammer,screw,needle,scissors,blade,rope,string,thread,chain,hook,pole,pipe,tube,tape,block,cardboard,material,powder,lid,tin,box,packet,package,packaging,envelope,sack,tank,load,bunch,lump,pair,arrow,card,label,gear,glue,trick
